timecode,start_project,end_project
1,2015,2015
2,2012,2013
3,2015,2016
4,2011,2012
5,2019,2019
6,2012,2012
7,2011,2011
8,2017,2018
9,2010,2010
10,2018,2018
11,2016,2017
12,2014,2014
13,2014,2015
14,2017,2017
15,2016,2016
16,2013,2014
17,2013,2013
18,2009,2010
19,2010,2011
